Isotope,Half Life,Unit,Computed Half Life
actinium-205,20.0,seconds,0.02
actinium-206,25.0,seconds,0.025
actinium-206m1,15.0,seconds,0.015
actinium-206m2,41.0,seconds,0.041
actinium-207,31.0,seconds,0.031
actinium-208,97.0,seconds,0.097
actinium-208m,28.0,seconds,0.028
actinium-209,92.0,seconds,0.092
actinium-210,350.0,seconds,0.35000000000000003
actinium-211,213.0,seconds,0.213
actinium-212,920.0,seconds,0.92
actinium-213,731.0,seconds,0.731
actinium-214,8.2,seconds,8.2
actinium-215,170.0,seconds,0.17
actinium-216,440.0,seconds,0.00043999999999999996
actinium-216m,443.0,seconds,0.000443
actinium-217,69.0,seconds,6.900000000000001e-08
actinium-217m,740.0,seconds,7.4e-07
actinium-218,1.08,seconds,1.08e-06
actinium-218m,103.0,seconds,1.0300000000000001e-07
actinium-219,11.8,seconds,1.18e-05
actinium-220,26.36,seconds,0.02636
actinium-221,52.0,seconds,0.052000000000000005
actinium-222,5.0,seconds,5.0
actinium-222m,63.0,seconds,63.0
actinium-223,126.0,seconds,126.0
actinium-224,10.0,seconds,10000.0
actinium-225,860.0,seconds,860000.0
actinium-226,105.74,seconds,105740.0
actinium-227,687.1,seconds,687100000.0
actinium-228,22.1,seconds,22100.0
actinium-229,3.76,seconds,3760.0
actinium-230,122.0,seconds,122.0
actinium-231,450.0,seconds,450.0
actinium-232,119.0,seconds,119.0
actinium-233,145.0,seconds,145.0
actinium-234,44.0,seconds,44.0
actinium-235,60.0,seconds,60.0
actinium-236,72.0,seconds,72.0
aluminium-26,22.6,seconds,22600000000000.0
americium-223,5.2,seconds,0.005200000000000001
americium-229,1.8,seconds,1.8
americium-230,32.0,seconds,32.0
americium-232,79.0,seconds,79.0
americium-233,190.0,seconds,190.0
americium-234,139.0,seconds,139.0
americium-235,590.0,seconds,590.0
americium-236,220.0,seconds,220.0
americium-237,4.4,seconds,4400.0
americium-238,5.9,seconds,5900.0
americium-238m,35.0,seconds,3.5e-05
americium-239,43.0,seconds,43000.0
americium-239m,163.0,seconds,1.6300000000000002e-07
americium-240,182.9,seconds,182900.0
americium-241,13.64,seconds,13640000000.0
americium-241m,1.2,seconds,1.2e-06
americium-242,57.7,seconds,57700.0
americium-242m1,4.4,seconds,4400000000.0
americium-242m2,14.0,seconds,0.014
americium-243,233.0,seconds,233000000000.0
americium-244,36.0,seconds,36000.0
americium-245,7.4,seconds,7400.0
americium-246m1,1.5,seconds,1500.0
americium-246m2,73.0,seconds,7.3e-05
americium-247,1.38,seconds,1380.0
argon-39,8.5,seconds,8500000000.0
astatine-191,1.7,seconds,0.0017
astatine-191m,2.1,seconds,0.0021000000000000003
astatine-192,11.5,seconds,0.0115
astatine-192m,88.0,seconds,0.088
astatine-193,28.0,seconds,0.028
astatine-193m1,21.0,seconds,0.021
astatine-193m2,27.0,seconds,0.027
astatine-194,286.0,seconds,0.28600000000000003
astatine-194m,323.0,seconds,0.323
astatine-195,328.0,seconds,0.328
astatine-195m,147.0,seconds,0.147
astatine-196,253.0,seconds,0.253
astatine-196m1,20.0,seconds,0.02
astatine-196m2,11.0,seconds,1.1e-05
astatine-197,388.0,seconds,0.388
astatine-197m,2.0,seconds,2.0
astatine-198,4.2,seconds,4.2
astatine-198m,1.0,seconds,1.0
astatine-199,6.92,seconds,6.92
astatine-200,43.2,seconds,43.2
astatine-200m1,47.0,seconds,47.0
astatine-200m2,3.5,seconds,3.5
astatine-201,85.0,seconds,85.0
astatine-202,184.0,seconds,184.0
astatine-202m1,182.0,seconds,182.0
astatine-202m2,460.0,seconds,0.46
astatine-203,442.0,seconds,442.0
astatine-204,550.0,seconds,550.0
astatine-204m,108.0,seconds,0.108
astatine-205m,7.76,seconds,7.76e-06
astatine-206m,410.0,seconds,4.1000000000000004e-07
astatine-207,6.5,seconds,6500.0
astatine-208,5.9,seconds,5900.0
astatine-209,19.5,seconds,19500.0
astatine-210,29.0,seconds,29000.0
astatine-210m1,482.0,seconds,0.00048199999999999995
astatine-210m2,5.66,seconds,5.66e-06
astatine-211,25.97,seconds,25970.0
astatine-212,314.0,seconds,0.314
astatine-212m1,119.0,seconds,0.11900000000000001
astatine-212m2,152.0,seconds,0.00015199999999999998
astatine-213,125.0,seconds,1.2500000000000002e-07
astatine-214,558.0,seconds,5.58e-07
astatine-214m1,265.0,seconds,2.65e-07
astatine-214m2,760.0,seconds,7.6e-07
astatine-215,100.0,seconds,9.999999999999999e-05
astatine-216,300.0,seconds,0.0003
astatine-216m,100.0,seconds,9.999999999999999e-05
astatine-217,32.3,seconds,0.032299999999999995
astatine-218,1.5,seconds,1.5
astatine-219,56.0,seconds,56.0
astatine-220,223.0,seconds,223.0
astatine-221,140.0,seconds,140.0
astatine-222,54.0,seconds,54.0
astatine-223,50.0,seconds,50.0
astatine-224,150.0,seconds,150.0
barium-130,38.0,seconds,3.8e+28
berkelium-233,21.0,seconds,21.0
berkelium-234,19.0,seconds,19.0
berkelium-236,22.0,seconds,22.0
berkelium-238,144.0,seconds,144.0
berkelium-240,290.0,seconds,290.0
berkelium-241,280.0,seconds,280.0
berkelium-242,420.0,seconds,420.0
berkelium-242m,600.0,seconds,6.000000000000001e-07
berkelium-243,16.0,seconds,16000.0
berkelium-244,15.7,seconds,15700.0
berkelium-245,427.0,seconds,427000.0
berkelium-246,156.0,seconds,156000.0
berkelium-247,44.0,seconds,44000000000.0
berkelium-248m,85.0,seconds,85000.0
berkelium-249,29.0,seconds,29000000.0
berkelium-249m,300.0,seconds,0.0003
berkelium-250,11.56,seconds,11560.0
berkelium-250m1,29.0,seconds,2.9e-05
berkelium-250m2,213.0,seconds,0.000213
berkelium-251m,58.0,seconds,5.8e-05
berkelium-252,110.0,seconds,110.0
berkelium-253,600.0,seconds,600.0
beryllium-10,44.0,seconds,44000000000000.0
beryllium-11,13.81,seconds,13.81
beryllium-11,930.0,seconds,9.3e-22
beryllium-12,21.49,seconds,0.02149
beryllium-12m,233.0,seconds,2.33e-07
beryllium-13,2.7,seconds,2.7e-21
beryllium-14,4.35,seconds,0.00435
beryllium-15,790.0,seconds,7.9e-22
beryllium-16,650.0,seconds,6.4999999999999995e-22
beryllium-6,5.0,seconds,5e-21
beryllium-7,4.59,seconds,4590000.0
beryllium-8,81.9,seconds,8.190000000000001e-17
beryllium-9m,1.25,seconds,1.25e-18
bismuth-184,6.6,seconds,0.0066
bismuth-184m,13.0,seconds,0.013000000000000001
bismuth-185,2.0,seconds,0.002
bismuth-185m,49.0,seconds,4.9e-05
bismuth-186,14.8,seconds,0.0148
bismuth-186m,9.8,seconds,0.009800000000000001
bismuth-187,32.0,seconds,0.032
bismuth-187m1,320.0,seconds,0.00031999999999999997
bismuth-187m2,7.0,seconds,7e-06
bismuth-188,44.0,seconds,0.044
bismuth-188m,220.0,seconds,0.22
bismuth-189,674.0,seconds,0.674
bismuth-189m1,5.0,seconds,0.005
bismuth-189m2,880.0,seconds,8.8e-07
bismuth-190,6.3,seconds,6.3
bismuth-190m1,6.2,seconds,6.2
bismuth-191,12.3,seconds,12.3
bismuth-191m,124.0,seconds,0.124
bismuth-192,34.6,seconds,34.6
bismuth-192m,39.6,seconds,39.6
bismuth-193,67.0,seconds,67.0
bismuth-193m,3.2,seconds,3.2
bismuth-194,95.0,seconds,95.0
bismuth-194m1,125.0,seconds,125.0
bismuth-194m2,115.0,seconds,115.0
bismuth-195,183.0,seconds,183.0
bismuth-195m1,87.0,seconds,87.0
bismuth-195m2,750.0,seconds,7.5e-07
bismuth-196,310.0,seconds,310.0
bismuth-196m1,600.0,seconds,0.6
bismuth-196m2,240.0,seconds,240.0
bismuth-197,560.0,seconds,560.0
bismuth-197m1,302.0,seconds,302.0
bismuth-197m2,204.0,seconds,2.04e-07
bismuth-197m3,263.0,seconds,2.63e-07
bismuth-197m4,253.0,seconds,2.53e-07
bismuth-197m5,209.0,seconds,2.09e-07
bismuth-198,620.0,seconds,620.0
bismuth-198m1,700.0,seconds,700.0
bismuth-198m2,7.7,seconds,7.7
bismuth-199m1,1.482,seconds,1482.0
bismuth-199m2,100.0,seconds,1.0000000000000001e-07
bismuth-199m3,168.0,seconds,1.6800000000000002e-07
bismuth-200m2,400.0,seconds,0.4
bismuth-201,6.5,seconds,6500.0
bismuth-201m2,118.0,seconds,1.1800000000000001e-07
bismuth-201m3,105.0,seconds,1.05e-07
bismuth-201m4,124.0,seconds,1.24e-07
bismuth-202,6.2,seconds,6200.0
bismuth-202m1,3.04,seconds,3.0399999999999997e-06
bismuth-202m2,310.0,seconds,3.1e-07
bismuth-203,42.3,seconds,42300.0
bismuth-203m1,303.0,seconds,0.303
bismuth-203m2,194.0,seconds,1.9400000000000002e-07
bismuth-204,40.4,seconds,40400.0
bismuth-204m1,13.0,seconds,0.013000000000000001
bismuth-204m2,1.07,seconds,0.00107
bismuth-205,1.323,seconds,1323000.0
bismuth-206,539.4,seconds,539400.0
bismuth-206m1,7.7,seconds,7.699999999999999e-06
bismuth-206m2,890.0,seconds,0.00089
bismuth-207,1.04,seconds,1040000000.0
bismuth-207m,182.0,seconds,0.00018199999999999998
bismuth-208,11.6,seconds,11600000000000.0
bismuth-208m,2.58,seconds,0.0025800000000000003
bismuth-209,630.0,seconds,6.3e+26
bismuth-210,433.0,seconds,433000.0
bismuth-210m,96.0,seconds,96000000000000.0
bismuth-211,128.0,seconds,128.0
bismuth-211m,1.4,seconds,1.4e-06
bismuth-212,3.633,seconds,3633.0
bismuth-212m1,1.5,seconds,1500.0
bismuth-212m2,420.0,seconds,420.0
bismuth-214,1.19,seconds,1190.0
bismuth-215,460.0,seconds,460.0
bismuth-215m,36.9,seconds,36.9
bismuth-216,130.0,seconds,130.0
bismuth-216m,400.0,seconds,400.0
bismuth-217,98.5,seconds,98.5
bismuth-217m,2.7,seconds,2.7e-06
bismuth-218,33.0,seconds,33.0
bismuth-219,8.7,seconds,8.7
bismuth-220,9.5,seconds,9.5
bohrium-260,35.0,seconds,0.035
bohrium-261,11.8,seconds,0.011800000000000001
bohrium-262,84.0,seconds,0.084
bohrium-262m,9.6,seconds,0.0096
bohrium-264,970.0,seconds,0.97
bohrium-265,900.0,seconds,0.9
bohrium-266,900.0,seconds,0.9
bohrium-267,17.0,seconds,17.0
bohrium-270,61.0,seconds,61.0
bohrium-271,1.2,seconds,1.2
bohrium-272,10.0,seconds,10.0
bohrium-274,40.0,seconds,40.0
boron-12,20.2,seconds,0.0202
boron-13,17.33,seconds,0.017329999999999998
boron-14,12.5,seconds,0.0125
boron-15,9.87,seconds,0.009869999999999999
boron-17,5.08,seconds,0.00508
boron-18,26.0,seconds,2.6e-08
boron-19,2.92,seconds,0.00292
boron-7,570.0,seconds,5.7e-22
boron-8,770.0,seconds,0.77
boron-9,845.0,seconds,8.449999999999999e-19
cadmium-109,40.0,seconds,40000000.0
cadmium-113,240.0,seconds,2.4e+23
cadmium-116,979.0,seconds,9.79e+26
caesium-112,500.0,seconds,0.0005
caesium-113,16.7,seconds,1.67e-05
caesium-134,65.17,seconds,65170000.0
caesium-135,73.0,seconds,73000000000000.0
caesium-137,952.0,seconds,952000000.0
calcium-41,3.3,seconds,3300000000000.0
calcium-45,14.06,seconds,14060000.0
calcium-47,391.9,seconds,391900.0
calcium-48,726.0,seconds,7.26e+26
californium-237,2.1,seconds,2.1
californium-238,21.1,seconds,0.0211
californium-239,60.0,seconds,60.0
californium-240,64.0,seconds,64.0
californium-241,227.0,seconds,227.0
californium-242,209.0,seconds,209.0
californium-243,640.0,seconds,640.0
californium-244,1.16,seconds,1160.0
californium-246,128.52,seconds,128520.00000000001
californium-247,11.2,seconds,11200.0
californium-248,28.81,seconds,28810000.0
californium-249,11.1,seconds,11100000000.0
californium-249m,45.0,seconds,4.4999999999999996e-05
californium-250,413.0,seconds,413000000.0
californium-251,28.0,seconds,28000000000.0
californium-252,83.5,seconds,83500000.0
californium-253,1.539,seconds,1539000.0
californium-254,5.23,seconds,5230000.0
californium-255,5.1,seconds,5100.0
californium-256,740.0,seconds,740.0
carbon-10,19.29,seconds,19.29
carbon-11,1.22,seconds,1220.0
carbon-14,181.0,seconds,181000000000.0
carbon-15,2.449,seconds,2.449
carbon-16,747.0,seconds,0.747
carbon-17,193.0,seconds,0.193
carbon-18,92.0,seconds,0.092
carbon-19,46.2,seconds,0.046200000000000005
carbon-20,16.0,seconds,0.016
carbon-21,30.0,seconds,3.0000000000000004e-08
carbon-22,6.2,seconds,0.006200000000000001
carbon-8,2.0,seconds,2e-21
carbon-9,126.5,seconds,0.1265
chlorine-36,9.5,seconds,9500000000000.0
chromium-51,2.3935,seconds,2393500.0
cobalt-56,6.676,seconds,6676000.0
cobalt-57,23.483,seconds,23483000.0
cobalt-60,166.35,seconds,166350000.0
copernicium-277,240.0,seconds,0.00023999999999999998
copernicium-277,690.0,seconds,0.00069
copernicium-281,180.0,seconds,0.18
copernicium-282,910.0,seconds,0.00091
copernicium-283,4.2,seconds,4.2
copernicium-284,98.0,seconds,0.098
copernicium-285,28.0,seconds,28.0
copper-62,580.4,seconds,580.4
curium-233,27.0,seconds,27.0
curium-234,52.0,seconds,52.0
curium-235,300.0,seconds,300.0
curium-236,410.0,seconds,410.0
curium-237,1.2,seconds,1200.0
curium-238,8.6,seconds,8600.0
curium-239,9.0,seconds,9000.0
curium-240,2.3,seconds,2300000.0
curium-241,2.83,seconds,2830000.0
curium-242,14.07,seconds,14070000.0
curium-242m,180.0,seconds,1.8000000000000002e-07
curium-243,920.0,seconds,920000000.0
curium-243m,1.08,seconds,1.08e-06
curium-244,571.0,seconds,571000000.0
curium-244m1,34.0,seconds,0.034
curium-245,270.0,seconds,270000000000.0
curium-245m,290.0,seconds,2.9000000000000003e-07
curium-246,150.0,seconds,150000000000.0
curium-246m,1.12,seconds,1.12
curium-247,490.0,seconds,490000000000000.0
curium-247m1,26.3,seconds,2.63e-05
curium-247m2,100.6,seconds,1.006e-07
curium-248,11.0,seconds,11000000000000.0
curium-248m,146.0,seconds,0.000146
curium-249,3.849,seconds,3849.0
curium-249m,23.0,seconds,2.3e-05
curium-2508,260.0,seconds,260000000000.0
curium-251,1.01,seconds,1010.0
darmstadtium-269,230.0,seconds,0.00022999999999999998
darmstadtium-270,205.0,seconds,0.000205
darmstadtium-270m,10.0,seconds,0.01
darmstadtium-271,90.0,seconds,0.09
darmstadtium-271m,1.7,seconds,0.0017
darmstadtium-273,240.0,seconds,0.00023999999999999998
darmstadtium-277,3.5,seconds,0.0035
darmstadtium-279,210.0,seconds,0.21
darmstadtium-281,12.7,seconds,12.7
dubnium-255,37.0,seconds,0.037
dubnium-256,1.9,seconds,1.9
dubnium-257,1.53,seconds,1.53
dubnium-257m,670.0,seconds,0.67
dubnium-258,4.5,seconds,4.5
dubnium-258m,1.9,seconds,1.9
dubnium-259,510.0,seconds,0.51
dubnium-260,1.52,seconds,1.52
dubnium-261,4.5,seconds,4.5
dubnium-262,35.0,seconds,35.0
dubnium-263,29.0,seconds,29.0
dubnium-266,4.8,seconds,4800.0
dubnium-267,17.0,seconds,17000.0
dubnium-268,110.9,seconds,110900.0
dubnium-270,3.6,seconds,3600.0
dysprosium-153,23.0,seconds,23000.0
dysprosium-154,95.0,seconds,95000000000000.0
einsteinium-240,6.0,seconds,6.0
einsteinium-241,10.0,seconds,10.0
einsteinium-242,13.5,seconds,13.5
einsteinium-243,21.0,seconds,21.0
einsteinium-244,37.0,seconds,37.0
einsteinium-245,66.0,seconds,66.0
einsteinium-246,460.0,seconds,460.0
einsteinium-247,273.0,seconds,273.0
einsteinium-249,6.13,seconds,6130.0
einsteinium-250,31.0,seconds,31000.0
einsteinium-250m,8.0,seconds,8000.0
einsteinium-251,118.8,seconds,118800.0
einsteinium-252,40.76,seconds,40760000.0
einsteinium-253,1.769,seconds,1769000.0
einsteinium-254,23.82,seconds,23820000.0
einsteinium-255,3.44,seconds,3440000.0
einsteinium-255,141.48,seconds,141480.0
einsteinium-256,1.52,seconds,1520.0
einsteinium-256m,27.0,seconds,27000.0
einsteinium-257,670.0,seconds,670000.0
erbium-160,102.9,seconds,102900.0
erbium-165,37.3,seconds,37300.0
europium-151,157.9,seconds,1.579e+26
fermium-241,730.0,seconds,0.00073
fermium-242,800.0,seconds,0.0007999999999999999
fermium-243,231.0,seconds,0.231
fermium-244,3.12,seconds,0.0031200000000000004
fermium-245,4.2,seconds,4.2
fermium-246,1.54,seconds,1.54
fermium-247,31.0,seconds,31.0
fermium-248,35.1,seconds,35.1
fermium-249,96.0,seconds,96.0
fermium-250m,1.92,seconds,1.92
fermium-251,19.1,seconds,19100.0
fermium-251m,21.1,seconds,2.11e-05
fermium-252,91.4,seconds,91400.0
fermium-253,259.0,seconds,259000.0
fermium-254,11.66,seconds,11660.0
fermium-255,72.3,seconds,72300.0
fermium-256,9.46,seconds,9460.0
fermium-257,8.68,seconds,8680000.0
fermium-258,370.0,seconds,0.00037
fermium-259,1.5,seconds,1.5
flerovium-284,2.5,seconds,0.0025
flerovium-285,100.0,seconds,0.1
flerovium-286,120.0,seconds,0.12
flerovium-287,480.0,seconds,0.48
flerovium-288,660.0,seconds,0.66
flerovium-289,1.9,seconds,1.9
fluorine-14,500.0,seconds,5e-22
fluorine-15,1.11,seconds,1.11e-21
fluorine-16,11.0,seconds,1.1e-20
fluorine-17,64.49,seconds,64.49
fluorine-18,6.586,seconds,6586.0
fluorine-20,11.07,seconds,11.07
fluorine-21,4.158,seconds,4.158
fluorine-22,4.23,seconds,4.23
fluorine-23,2.23,seconds,2.23
fluorine-24,390.0,seconds,0.39
fluorine-25,50.0,seconds,0.05
fluorine-26,9.6,seconds,0.0096
fluorine-27,5.0,seconds,0.005
fluorine-28,40.0,seconds,4e-08
fluorine-29,2.5,seconds,0.0025
fluorine-30,260.0,seconds,2.6e-07
fluorine-31,250.0,seconds,2.5000000000000004e-07
francium-199,16.0,seconds,0.016
francium-200,24.0,seconds,0.024
francium-200m,650.0,seconds,0.65
francium-201,67.0,seconds,0.067
francium-202,290.0,seconds,0.29
francium-202m,340.0,seconds,0.34
francium-203,550.0,seconds,0.55
francium-204,1.7,seconds,1.7
francium-204m1,2.6,seconds,2.6
francium-204m2,1.7,seconds,1.7
francium-205,3.8,seconds,3.8
francium-206,16.0,seconds,16.0
francium-206m1,15.9,seconds,15.9
francium-206m2,700.0,seconds,0.7000000000000001
francium-207,14.8,seconds,14.8
francium-208,59.1,seconds,59.1
francium-209,50.0,seconds,50.0
francium-210,191.0,seconds,191.0
francium-211,186.0,seconds,186.0
francium-212,1.2,seconds,1200.0
francium-213,34.6,seconds,34.6
francium-214,5.0,seconds,0.005
francium-214m1,3.35,seconds,0.00335
francium-214m2,103.0,seconds,1.0300000000000001e-07
francium-214m3,108.0,seconds,1.08e-07
francium-215,86.0,seconds,8.6e-08
francium-216,700.0,seconds,7.000000000000001e-07
francium-217,16.8,seconds,1.68e-05
francium-218,1.0,seconds,0.001
francium-218m1,22.0,seconds,0.022
francium-219,20.0,seconds,0.02
francium-220,27.4,seconds,27.4
francium-221,290.0,seconds,290.0
francium-222,850.0,seconds,850.0
francium-223,1.32,seconds,1320.0
francium-224,200.0,seconds,200.0
francium-225,240.0,seconds,240.0
francium-226,49.0,seconds,49.0
francium-227,148.0,seconds,148.0
francium-228,38.0,seconds,38.0
francium-229,50.2,seconds,50.2
francium-230,19.1,seconds,19.1
francium-231,17.6,seconds,17.6
francium-232,5.0,seconds,5.0
gadolinium-149,802.0,seconds,802000.0
gadolinium-150,56.0,seconds,56000000000000.0
gadolinium-152,3.4,seconds,3.4e+21
gadolinium-153,20.77,seconds,20770000.0
gallium-68,4.063,seconds,4062.9999999999995
germanium-76,57.0,seconds,5.7e+28
gold-195,16.08,seconds,16079999.999999998
gold-196,534.2,seconds,534200.0
gold-198,232.8,seconds,232800.0
gold-199,273.8,seconds,273800.0
hafnium-153,2.2,seconds,2.2e+24
hafnium-182,280.0,seconds,280000000000000.0
hassium-263,760.0,seconds,0.0007599999999999999
hassium-264,540.0,seconds,0.00054
hassium-265,1.96,seconds,0.00196
hassium-265m,360.0,seconds,0.00035999999999999997
hassium-266,3.02,seconds,0.00302
hassium-266m,280.0,seconds,0.28
hassium-267,55.0,seconds,0.055
hassium-268,1.42,seconds,1.42
hassium-269,16.0,seconds,16.0
hassium-270,9.0,seconds,9.0
hassium-271,10.0,seconds,10.0
hassium-273,510.0,seconds,0.51
hassium-275,290.0,seconds,0.29
hassium-277,11.0,seconds,0.011
helium-10,1.52,seconds,1.5199999999999999e-21
helium-10,260.0,seconds,2.6e-22
helium-5,602.0,seconds,6.019999999999999e-22
helium-6,806.7,seconds,0.8067000000000001
helium-7,2.51,seconds,2.5099999999999994e-21
helium-8,119.0,seconds,0.11900000000000001
helium-9,7.0,seconds,6.999999999999999e-21
holmium-163,144.0,seconds,144000000000.0
holmium-166m1,38.0,seconds,38000000000.0
hydrogen-3,389.0,seconds,389000000.0
hydrogen-4,139.0,seconds,1.3899999999999998e-22
hydrogen-5,86.0,seconds,8.599999999999999e-23
hydrogen-6,294.0,seconds,2.94e-22
hydrogen-7,652.0,seconds,6.52e-22
indium-115,13.9,seconds,1.39e+22
iodine-124,360.0,seconds,360000.0
iodine-129,500.0,seconds,500000000000000.0
iodine-131,693.0,seconds,693000.0
iron-55,87.0,seconds,87000000.0
iron-60,82.0,seconds,82000000000000.0
krypton-78,290.0,seconds,2.9e+29
krypton-81,7.2,seconds,7200000000000.0
krypton-85,339.4,seconds,339400000.0
lanthanum-137,1.9,seconds,1900000000000.0
lanthanum-138,3.22,seconds,3.22e+18
lawrencium-251,27.0,seconds,0.027
lawrencium-252,390.0,seconds,0.39
lawrencium-253,580.0,seconds,0.58
lawrencium-253m,1.5,seconds,1.5
lawrencium-254,13.0,seconds,13.0
lawrencium-255,22.0,seconds,22.0
lawrencium-256,27.0,seconds,27.0
lawrencium-257,646.0,seconds,0.646
lawrencium-258,4.1,seconds,4.1
lawrencium-259,6.2,seconds,6.2
lawrencium-260,160.0,seconds,160.0
lawrencium-262,13.0,seconds,13000.0
lawrencium-266,40.0,seconds,40000.0
lead-178,230.0,seconds,0.00022999999999999998
lead-179,3.9,seconds,0.0039
lead-180,4.5,seconds,0.0045000000000000005
lead-181,45.0,seconds,0.045
lead-182,60.0,seconds,0.06
lead-183,535.0,seconds,0.535
lead-183m,415.0,seconds,0.41500000000000004
lead-184,490.0,seconds,0.49
lead-185,6.3,seconds,6.3
lead-185m,4.07,seconds,4.07
lead-186,4.82,seconds,4.82
lead-187,15.2,seconds,15.2
lead-187m,18.3,seconds,18.3
lead-188,25.5,seconds,25.5
lead-188m1,830.0,seconds,8.300000000000001e-07
lead-188m2,797.0,seconds,7.970000000000001e-07
lead-189,51.0,seconds,51.0
lead-189m1,50.5,seconds,50.5
lead-189m2,26.0,seconds,2.6e-05
lead-190,71.0,seconds,71.0
lead-190m1,150.0,seconds,1.5000000000000002e-07
lead-190m2,25.0,seconds,2.4999999999999998e-05
lead-190m3,7.2,seconds,7.2e-06
lead-191,80.0,seconds,80.0
lead-191m,131.0,seconds,131.0
lead-192,210.0,seconds,210.0
lead-192m1,164.0,seconds,1.64e-07
lead-192m2,1.1,seconds,1.1e-06
lead-192m3,756.0,seconds,7.56e-07
lead-193,300.0,seconds,300.0
lead-193m1,350.0,seconds,350.0
lead-193m2,135.0,seconds,1.35e-07
lead-194,720.0,seconds,720.0
lead-195,900.0,seconds,900.0
lead-195m1,900.0,seconds,900.0
lead-195m2,10.0,seconds,9.999999999999999e-06
lead-196m3,140.0,seconds,1.4e-07
lead-196m4,270.0,seconds,2.7e-07
lead-197,490.0,seconds,490.0
lead-197m2,1.15,seconds,1.1499999999999998e-06
lead-198,8.6,seconds,8600.0
lead-198m1,4.19,seconds,4.1900000000000005e-06
lead-198m2,137.0,seconds,1.37e-07
lead-198m3,212.0,seconds,2.1200000000000002e-07
lead-199,5.4,seconds,5400.0
lead-199m1,730.0,seconds,730.0
lead-199m2,10.1,seconds,1.01e-05
lead-200,77.0,seconds,77000.0
lead-201,33.6,seconds,33600.0
lead-201m1,61.0,seconds,61.0
lead-201m2,508.0,seconds,5.08e-07
lead-202,1.66,seconds,1660000000000.0
lead-202m1,12.7,seconds,12700.0
lead-202m2,110.0,seconds,1.1e-07
lead-202m3,107.0,seconds,1.07e-07
lead-203,186.743,seconds,186743.0
lead-203m1,6.21,seconds,6.21
lead-203m2,480.0,seconds,0.48
lead-203m3,122.0,seconds,1.22e-07
lead-204m1,265.0,seconds,2.65e-07
lead-204m2,4.0,seconds,4000.0
lead-204m3,450.0,seconds,4.5000000000000003e-07
lead-205,550.0,seconds,550000000000000.0
lead-205m1,24.2,seconds,2.42e-05
lead-205m2,5.55,seconds,0.00555
lead-205m3,217.0,seconds,2.1700000000000002e-07
lead-206m1,125.0,seconds,0.000125
lead-206m2,202.0,seconds,2.02e-07
lead-207m,806.0,seconds,0.806
lead-208m,500.0,seconds,5.000000000000001e-07
lead-209,11.71,seconds,11710.0
lead-210,700.0,seconds,700000000.0
lead-210m,201.0,seconds,2.01e-07
lead-212,38.3,seconds,38300.0
lead-212m,6.0,seconds,6e-06
lead-213,610.0,seconds,610.0
lead-214m,6.2,seconds,6.2e-06
lead-215,140.0,seconds,140.0
lead-216,99.0,seconds,99.0
lead-216m,400.0,seconds,4.0000000000000003e-07
lead-217,20.0,seconds,20.0
lead-218,15.0,seconds,15.0
lithium-10,2.0,seconds,2e-21
lithium-10m1,3.7,seconds,3.7e-21
lithium-10m2,1.35,seconds,1.35e-21
lithium-11,8.59,seconds,0.00859
lithium-13,3.3,seconds,3.2999999999999993e-21
lithium-4,91.0,seconds,9.099999999999999e-23
lithium-5,370.0,seconds,3.6999999999999995e-22
lithium-8,839.9,seconds,0.8399
lithium-9,178.3,seconds,0.17830000000000001
livermorium-290,8.3,seconds,0.0083
livermorium-291,19.0,seconds,0.019
livermorium-292,13.0,seconds,0.013000000000000001
livermorium-293,57.0,seconds,0.057
lutetium-153,900.0,seconds,0.9
lutetium-176,1.188,seconds,1.188e+18
magnesium-19,5.0,seconds,5e-12
magnesium-37,8.0,seconds,0.008
manganese-52,483.1,seconds,483100.0
manganese-53,120.0,seconds,120000000000000.0
manganese-68,28.0,seconds,0.028
meitnerium-266,1.2,seconds,0.0012
meitnerium-268,27.0,seconds,0.027
meitnerium-270,6.3,seconds,0.0063
meitnerium-274,440.0,seconds,0.44
meitnerium-275,20.0,seconds,0.02
meitnerium-276,450.0,seconds,0.45
meitnerium-277,5.0,seconds,0.005
meitnerium-278,4.5,seconds,4.5
mendelevium-244,400.0,seconds,0.4
mendelevium-245,900.0,seconds,0.0009
mendelevium-245m,400.0,seconds,0.4
mendelevium-246,1.0,seconds,1.0
mendelevium-247,1.12,seconds,1.12
mendelevium-247m,200.0,seconds,0.2
mendelevium-248,7.0,seconds,7.0
mendelevium-249,24.0,seconds,24.0
mendelevium-249m,1.9,seconds,1.9
mendelevium-250,52.0,seconds,52.0
mendelevium-251,240.0,seconds,240.0
mendelevium-252,138.0,seconds,138.0
mendelevium-253,720.0,seconds,720.0
mendelevium-254,600.0,seconds,600.0
mendelevium-256,4.62,seconds,4620.0
mendelevium-257,19.9,seconds,19900.0
mendelevium-258,4.45,seconds,4450000.0
mendelevium-259,5.8,seconds,5800.0
mendelevium-260,2.4,seconds,2400000.0
mercury-1944,14.0,seconds,14000000000.0
mercury-210[2],600.0,seconds,600.0
molybdenum-100,246.3,seconds,2.463e+26
molybdenum-93,130.0,seconds,130000000000.0
moscovium-287,37.0,seconds,0.037
moscovium-288,164.0,seconds,0.164
moscovium-289,330.0,seconds,0.33
moscovium-290,650.0,seconds,0.65
neodymium-144,72.3,seconds,7.23e+22
neodymium-150,249.5,seconds,2.495e+26
neon-15,770.0,seconds,7.699999999999999e-22
neon-16,3.74,seconds,3.74e-21
neon-18,1.672,seconds,1.672
neon-19,17.22,seconds,17.22
neon-23,37.24,seconds,37.24
neon-24,203.0,seconds,203.0
neon-25,602.0,seconds,0.602
neon-26,192.0,seconds,0.192
neon-27,32.0,seconds,0.032
neon-28,18.9,seconds,0.0189
neon-29,14.8,seconds,0.0148
neon-30,7.3,seconds,0.0073
neon-31,3.4,seconds,0.0034
neon-32,3.5,seconds,0.0035
neon-33,180.0,seconds,1.8000000000000002e-07
neon-34,60.0,seconds,6.000000000000001e-08
neptunium-219,150.0,seconds,0.00015
neptunium-220,25.0,seconds,2.4999999999999998e-05
neptunium-222,380.0,seconds,3.8e-07
neptunium-223,2.15,seconds,2.1499999999999997e-06
neptunium-224,38.0,seconds,3.7999999999999995e-05
neptunium-225,6.0,seconds,0.006
neptunium-226,35.0,seconds,0.035
neptunium-227,510.0,seconds,0.51
neptunium-228,61.4,seconds,61.4
neptunium-229,240.0,seconds,240.0
neptunium-230,280.0,seconds,280.0
neptunium-232,880.0,seconds,880.0
neptunium-234,380.0,seconds,380000.0
neptunium-235,34.22,seconds,34220000.0
neptunium-236,4.9,seconds,4900000000000.0
neptunium-236m,81.0,seconds,81000.0
neptunium-237,67.7,seconds,67700000000000.0
neptunium-238,182.9,seconds,182900.0
neptunium-238m,112.0,seconds,1.1200000000000001e-07
neptunium-239,203.6,seconds,203600.0
neptunium-240,3.72,seconds,3720.0
neptunium-240m,433.0,seconds,433.0
neptunium-241,830.0,seconds,830.0
neptunium-242,130.0,seconds,130.0
neptunium-242m,330.0,seconds,330.0
neptunium-243,111.0,seconds,111.0
neptunium-244,137.0,seconds,137.0
nickel-59,2.4,seconds,2400000000000.0
nickel-63,3.16,seconds,3160000000.0
nihonium-278,1.4,seconds,0.0014
nihonium-278,340.0,seconds,0.00033999999999999997
nihonium-282,73.0,seconds,0.073
nihonium-283,75.0,seconds,0.075
nihonium-284,910.0,seconds,0.91
nihonium-285,4.2,seconds,4.2
nihonium-286,9.5,seconds,9.5
niobium-91,21.0,seconds,21000000000.0
niobium-92,1.1,seconds,1100000000000000.1
niobium-93m,509.0,seconds,509000000.0
niobium-94,640.0,seconds,640000000000.0
nitrogen-10,143.0,seconds,1.43e-22
nitrogen-11,585.0,seconds,5.85e-22
nitrogen-11m,690.0,seconds,6.899999999999999e-22
nitrogen-12,11.0,seconds,0.011
nitrogen-13,597.9,seconds,597.9
nitrogen-16,7.13,seconds,7.13
nitrogen-17,4.173,seconds,4.173
nitrogen-18,622.0,seconds,0.622
nitrogen-19,271.0,seconds,0.271
nitrogen-20,130.0,seconds,0.13
nitrogen-21,87.0,seconds,0.08700000000000001
nitrogen-22,24.0,seconds,0.024
nitrogen-23,14.5,seconds,0.0145
nitrogen-24,52.0,seconds,5.2e-08
nitrogen-25,260.0,seconds,2.6e-07
nobelium-250,5.7,seconds,5.7e-06
nobelium-250m,36.0,seconds,3.6e-05
nobelium-251,780.0,seconds,0.78
nobelium-251m,1.7,seconds,1.7
nobelium-252,2.27,seconds,2.27
nobelium-253,97.0,seconds,97.0
nobelium-253m,31.0,seconds,3.1e-05
nobelium-254,51.0,seconds,51.0
nobelium-254m,280.0,seconds,0.28
nobelium-255,190.0,seconds,190.0
nobelium-256,2.91,seconds,2.91
nobelium-257,25.0,seconds,25.0
nobelium-258,1.2,seconds,0.0012
nobelium-260,106.0,seconds,0.106
nobelium-262,5.0,seconds,0.005
oganesson-294,690.0,seconds,0.00069
osmium-184,0.35,seconds,3.5e+20
osmium-186,63.2,seconds,6.32e+22
oxygen-11,198.0,seconds,1.9799999999999998e-22
oxygen-12,1.14,seconds,1.1399999999999997e-21
oxygen-13,8.58,seconds,0.00858
oxygen-14,70.62,seconds,70.62
oxygen-15,122.24,seconds,122.24
oxygen-19,26.464,seconds,26.464
oxygen-20,13.51,seconds,13.51
oxygen-21,3.42,seconds,3.42
oxygen-22,2.25,seconds,2.25
oxygen-23,82.0,seconds,0.082
oxygen-24,65.0,seconds,0.065
oxygen-25,50.0,seconds,5.0000000000000004e-08
oxygen-26,40.0,seconds,4e-08
oxygen-28,100.0,seconds,1.0000000000000001e-07
palladium-107,210.0,seconds,210000000000000.0
phosphorus-32,1.235,seconds,1235000.0
platinum-190,15.2,seconds,1.52e+19
plutonium-228,1.1,seconds,1.1
plutonium-229,120.0,seconds,120.0
plutonium-230,102.0,seconds,102.0
plutonium-231,520.0,seconds,520.0
plutonium-233,1.25,seconds,1250.0
plutonium-234,32.0,seconds,32000.0
plutonium-235,1.52,seconds,1520.0
plutonium-236,90.2,seconds,90200000.0
plutonium-237,3.91,seconds,3910000.0
plutonium-237m1,180.0,seconds,0.18
plutonium-237m2,1.1,seconds,1.1e-06
plutonium-238,2.77,seconds,2770000000.0
plutonium-239,761.0,seconds,761000000000.0
plutonium-239m1,193.0,seconds,1.9300000000000002e-07
plutonium-239m2,7.5,seconds,7.499999999999999e-06
plutonium-240,207.0,seconds,207000000000.0
plutonium-241,451.0,seconds,451000000.0
plutonium-241m1,880.0,seconds,8.8e-07
plutonium-241m2,21.0,seconds,2.1e-05
plutonium-242,11.8,seconds,11800000000000.0
plutonium-243,17.84,seconds,17840.0
plutonium-243m,330.0,seconds,3.3e-07
plutonium-244,2.5,seconds,2500000000000000.0
plutonium-245,38.0,seconds,38000.0
plutonium-246,937.0,seconds,937000.0
plutonium-247,196.0,seconds,196000.0
polonium-186,34.0,seconds,3.4e-05
polonium-187,1.4,seconds,0.0014
polonium-187m,500.0,seconds,0.0005
polonium-188,430.0,seconds,0.00043
polonium-189,5.0,seconds,0.005
polonium-190,2.46,seconds,0.00246
polonium-191,22.0,seconds,0.022
polonium-191m,93.0,seconds,0.093
polonium-192,32.2,seconds,0.032200000000000006
polonium-193,420.0,seconds,0.42
polonium-193m,240.0,seconds,0.24
polonium-194,392.0,seconds,0.392
polonium-194m,15.0,seconds,1.4999999999999999e-05
polonium-195,4.64,seconds,4.64
polonium-195m,1.92,seconds,1.92
polonium-196,5.56,seconds,5.56
polonium-196m,850.0,seconds,8.5e-07
polonium-197,53.6,seconds,53.6
polonium-197m,25.8,seconds,25.8
polonium-198,106.0,seconds,106.0
polonium-198m1,200.0,seconds,2.0000000000000002e-07
polonium-198m2,750.0,seconds,7.5e-07
polonium-199,329.0,seconds,329.0
polonium-199m,250.0,seconds,250.0
polonium-200,690.0,seconds,690.0
polonium-201,920.0,seconds,920.0
polonium-201m,530.0,seconds,530.0
polonium-203m1,45.0,seconds,45.0
polonium-204,12.7,seconds,12700.0
polonium-205,6.0,seconds,6000.0
polonium-205m1,310.0,seconds,3.1e-07
polonium-205m2,645.0,seconds,0.000645
polonium-205m3,57.4,seconds,0.0574
polonium-205m4,115.0,seconds,1.1500000000000001e-07
polonium-206,760.0,seconds,760000.0
polonium-206m1,222.0,seconds,2.22e-07
polonium-206m2,1.05,seconds,1.05e-06
polonium-207,20.9,seconds,20900.0
polonium-207m1,205.0,seconds,2.0500000000000002e-07
polonium-207m2,49.0,seconds,4.9e-05
polonium-207m3,2.79,seconds,2.79
polonium-208,91.5,seconds,91500000.0
polonium-209,3.95,seconds,3950000000.0
polonium-210,11.9557,seconds,11955700.0
polonium-210m2,63.0,seconds,6.300000000000001e-08
polonium-211,516.0,seconds,0.516
polonium-211m1,25.2,seconds,25.2
polonium-211m2,243.0,seconds,2.43e-07
polonium-211m3,2.8,seconds,2.8e-06
polonium-212,299.0,seconds,2.99e-07
polonium-212m,45.1,seconds,45.1
polonium-213,3.65,seconds,3.6499999999999998e-06
polonium-214,164.3,seconds,0.0001643
polonium-215,1.781,seconds,0.001781
polonium-216,145.0,seconds,0.145
polonium-217,1.47,seconds,1.47
polonium-218,186.0,seconds,186.0
polonium-219,620.0,seconds,620.0
polonium-220,40.0,seconds,40.0
polonium-221,130.0,seconds,130.0
polonium-222,550.0,seconds,550.0
potassium-40,39.5,seconds,3.95e+16
promethium-145,558.9,seconds,558900000.0
protactinium-211,3.8,seconds,0.0038
protactinium-212,8.0,seconds,0.008
protactinium-213,7.0,seconds,0.007
protactinium-214,17.0,seconds,0.017
protactinium-215,14.0,seconds,0.014
protactinium-216,105.0,seconds,0.105
protactinium-217,3.48,seconds,0.00348
protactinium-217m,1.08,seconds,0.00108
protactinium-218,113.0,seconds,0.000113
protactinium-219,53.0,seconds,5.3000000000000005e-08
protactinium-220,780.0,seconds,7.8e-07
protactinium-220m1,308.0,seconds,3.08e-07
protactinium-220m2,69.0,seconds,6.900000000000001e-08
protactinium-221,4.9,seconds,4.9000000000000005e-06
protactinium-222,3.2,seconds,0.0032
protactinium-223,5.1,seconds,0.0050999999999999995
protactinium-224,844.0,seconds,0.844
protactinium-225,1.7,seconds,1.7
protactinium-226,110.0,seconds,110.0
protactinium-228,79.0,seconds,79000.0
protactinium-229,130.0,seconds,130000.0
protactinium-229m,420.0,seconds,4.2e-07
protactinium-230,1.5,seconds,1500000.0
protactinium-231,1.034,seconds,1034000000000.0
protactinium-232,113.0,seconds,113000.0
protactinium-233,2.3306,seconds,2330600.0
protactinium-234,24.1,seconds,24100.0
protactinium-234m,70.0,seconds,70.0
protactinium-235,1.466,seconds,1466.0
protactinium-236,550.0,seconds,550.0
protactinium-237,520.0,seconds,520.0
protactinium-238,136.0,seconds,136.0
protactinium-239,6.5,seconds,6500.0
protactinium-240,120.0,seconds,120.0
radium-202,2.6,seconds,0.0026000000000000003
radium-203,4.0,seconds,0.004
radium-203m,41.0,seconds,0.041
radium-204,60.0,seconds,0.06
radium-205,220.0,seconds,0.22
radium-205m,180.0,seconds,0.18
radium-206,240.0,seconds,0.24
radium-207,1.3,seconds,1.3
radium-207m,57.0,seconds,0.057
radium-208,1.3,seconds,1.3
radium-208m,270.0,seconds,2.7e-07
radium-209,4.6,seconds,4.6
radium-210,3.7,seconds,3.7
radium-210m,2.24,seconds,2.24e-06
radium-211,13.0,seconds,13.0
radium-212,13.0,seconds,13.0
radium-212m1,10.9,seconds,1.09e-05
radium-212m2,850.0,seconds,8.5e-07
radium-213,2.74,seconds,2.74
radium-213m,2.1,seconds,0.0021000000000000003
radium-214,2.46,seconds,2.46
radium-215,1.55,seconds,0.0015500000000000002
radium-215m1,7.1,seconds,7.099999999999999e-06
radium-215m2,1.39,seconds,1.3899999999999998e-06
radium-215m3,555.0,seconds,5.550000000000001e-07
radium-216,182.0,seconds,1.8200000000000002e-07
radium-217,1.63,seconds,1.6299999999999999e-06
radium-218,25.2,seconds,2.52e-05
radium-219,10.0,seconds,0.01
radium-220,17.9,seconds,0.0179
radium-221,28.0,seconds,28.0
radium-221,30.0,seconds,30.0
radium-222,38.0,seconds,38.0
radium-223,988.0,seconds,988000.0
radium-224,313.8,seconds,313800.0
radium-225,1.29,seconds,1290000.0
radium-226,50.0,seconds,50000000000.0
radium-228,181.0,seconds,181000000.0
radium-229,240.0,seconds,240.0
radium-230,5.6,seconds,5600.0
radium-231,103.0,seconds,103.0
radium-232,250.0,seconds,250.0
radium-233,30.0,seconds,30.0
radium-234,30.0,seconds,30.0
radon-195,6.0,seconds,0.006
radon-195m,6.0,seconds,0.006
radon-196,4.7,seconds,0.0047
radon-197,66.0,seconds,0.066
radon-197m,21.0,seconds,0.021
radon-198,65.0,seconds,0.065
radon-199,620.0,seconds,0.62
radon-199m,320.0,seconds,0.32
radon-200,960.0,seconds,0.96
radon-201,7.0,seconds,7.0
radon-201m,3.8,seconds,3.8
radon-202,9.94,seconds,9.94
radon-203,44.2,seconds,44.2
radon-203m,26.7,seconds,26.7
radon-204,70.0,seconds,70.0
radon-205,170.0,seconds,170.0
radon-206,340.0,seconds,340.0
radon-207,555.0,seconds,555.0
radon-207m,181.0,seconds,0.00018099999999999998
radon-208,1.461,seconds,1461.0
radon-209m1,13.4,seconds,1.34e-05
radon-209m2,3.0,seconds,3e-06
radon-210,8.6,seconds,8600.0
radon-210m1,644.0,seconds,6.44e-07
radon-210m2,1.06,seconds,1.06e-06
radon-210m3,1.04,seconds,1.04e-06
radon-211,53.0,seconds,53000.0
radon-212,1.43,seconds,1430.0
radon-213,19.5,seconds,0.0195
radon-214,270.0,seconds,2.7e-07
radon-214m,245.0,seconds,2.4500000000000004e-07
radon-215,2.3,seconds,2.2999999999999996e-06
radon-216,45.0,seconds,4.4999999999999996e-05
radon-217,540.0,seconds,0.00054
radon-218,35.0,seconds,0.035
radon-219,3.96,seconds,3.96
radon-220,55.6,seconds,55.6
radon-221,1.54,seconds,1540.0
radon-222,330.35,seconds,330350.0
radon-223,1.46,seconds,1460.0
radon-225,280.0,seconds,280.0
radon-226,440.0,seconds,440.0
radon-227,20.8,seconds,20.8
radon-228,65.0,seconds,65.0
radon-229,12.0,seconds,12.0
rhenium-186m,6.3,seconds,6300000000000.0
rhenium-187,1.301,seconds,1.301e+18
rhodium-101,100.0,seconds,100000000.0
roentgenium-272,2.0,seconds,0.002
roentgenium-274,12.0,seconds,0.012
roentgenium-278,4.0,seconds,0.004
roentgenium-279,90.0,seconds,0.09
roentgenium-280,4.6,seconds,4.6
roentgenium-281,17.0,seconds,17.0
roentgenium-282,100.0,seconds,100.0
rubidium-87,1.569,seconds,1.569e+18
ruthenium-106,32.3,seconds,32299999.999999996
rutherfordium-253,48.0,seconds,4.8e-05
rutherfordium-254,23.0,seconds,2.3e-05
rutherfordium-255,2.3,seconds,2.3
rutherfordium-256,6.4,seconds,0.0064
rutherfordium-257,4.7,seconds,4.7
rutherfordium-257m,4.1,seconds,4.1
rutherfordium-258,14.7,seconds,0.0147
rutherfordium-259,3.2,seconds,3.2
rutherfordium-259m,2.5,seconds,2.5
rutherfordium-260,21.0,seconds,0.021
rutherfordium-261,78.0,seconds,78.0
rutherfordium-261m,4.0,seconds,4.0
rutherfordium-262,2.3,seconds,2.3
rutherfordium-263,900.0,seconds,900.0
rutherfordium-266,23.0,seconds,23.0
rutherfordium-267,4.7,seconds,4700.0
rutherfordium-268,1.4,seconds,1.4
rutherfordium-270,20.0,seconds,0.02
samarium-145,29.0,seconds,29000000.0
samarium-146,3.3,seconds,3300000000000000.0
samarium-147,3.35,seconds,3.35e+18
samarium-148,221.1,seconds,2.2109999999999998e+23
samarium-151,3.05,seconds,3050000000.0
scandium-46,7.239,seconds,7239000.0
seaborgium-258,3.0,seconds,0.003
seaborgium-259,600.0,seconds,0.6
seaborgium-260,4.0,seconds,0.004
seaborgium-261,200.0,seconds,0.2
seaborgium-261m,92.0,seconds,9.2e-05
seaborgium-262,7.0,seconds,0.007
seaborgium-263,1.0,seconds,1.0
seaborgium-263m,120.0,seconds,0.12
seaborgium-264,37.0,seconds,0.037
seaborgium-265,8.0,seconds,8.0
seaborgium-265m,16.2,seconds,16.2
seaborgium-266,360.0,seconds,0.36
seaborgium-267,84.0,seconds,84.0
seaborgium-269,840.0,seconds,840.0
seaborgium-271,140.0,seconds,140.0
selenium-79,10.3,seconds,10300000000000.0
selenium-82,3.08,seconds,3.08e+27
silicon-32,5.4,seconds,5400000000.0
silver-108m,13.2,seconds,13200000000.0
sodium-18,1.34,seconds,1.34e-21
sodium-19,40.0,seconds,4e-08
sodium-20,447.9,seconds,0.44789999999999996
sodium-21,22.49,seconds,22.49
sodium-22,82.1,seconds,82100000.0
sodium-24,53.9,seconds,53900.0
sodium-25,59.1,seconds,59.1
sodium-26,1.077,seconds,1.077
sodium-27,301.0,seconds,0.301
sodium-28,30.5,seconds,0.0305
sodium-29,44.9,seconds,0.0449
sodium-30,48.4,seconds,0.0484
sodium-31,17.0,seconds,0.017
sodium-32,13.2,seconds,0.0132
sodium-33,8.0,seconds,0.008
sodium-34,5.5,seconds,0.0055
sodium-35,1.5,seconds,0.0015
sodium-36,180.0,seconds,1.8000000000000002e-07
sodium-37,60.0,seconds,6.000000000000001e-08
strontium-90,909.0,seconds,909000000.0
sulfur-35,7.544,seconds,7544000.0
technetium-97,82.0,seconds,82000000000000.0
technetium-98,130.0,seconds,130000000000000.0
technetium-99,6.66,seconds,6660000000000.0
tellurium-128,69.0,seconds,6.9e+31
tellurium-130,277.9,seconds,2.7789999999999996e+26
tennessine-293,22.0,seconds,0.022
tennessine-294,51.0,seconds,0.051000000000000004
terbium-153,202.0,seconds,202000.0
thallium-192m2,296.0,seconds,2.96e-07
thallium-198m2,150.0,seconds,1.5000000000000002e-07
thallium-200m2,330.0,seconds,3.3e-07
thallium-205m2,235.0,seconds,2.3500000000000003e-07
thorium-207,9.7,seconds,0.0097
thorium-208,1.7,seconds,0.0017
thorium-209,7.0,seconds,0.007
thorium-210,17.0,seconds,0.017
thorium-211,48.0,seconds,0.048
thorium-212,36.0,seconds,0.036000000000000004
thorium-213,140.0,seconds,0.14
thorium-214,100.0,seconds,0.1
thorium-215,1.2,seconds,1.2
thorium-216,26.8,seconds,0.0268
thorium-216m1,137.0,seconds,0.000137
thorium-216m2,615.0,seconds,6.15e-07
thorium-217,240.0,seconds,0.00023999999999999998
thorium-218,109.0,seconds,1.0900000000000001e-07
thorium-219,1.05,seconds,1.05e-06
thorium-220,9.7,seconds,9.699999999999999e-06
thorium-221,1.73,seconds,0.00173
thorium-222,2.237,seconds,0.0022370000000000003
thorium-223,600.0,seconds,0.6
thorium-224,1.05,seconds,1.05
thorium-225,523.0,seconds,523.0
thorium-227,1.614,seconds,1614000.0
thorium-228,60.33,seconds,60330000.0
thorium-229,232.0,seconds,232000000000.0
thorium-229m,7.0,seconds,7e-06
thorium-230,2.379,seconds,2379000000000.0
thorium-231,91.88,seconds,91880.0
thorium-232,443.0,seconds,4.43e+17
thorium-233,1.31,seconds,1310.0
thorium-234,2.082,seconds,2081999.9999999998
thorium-235,430.0,seconds,430.0
thorium-237,290.0,seconds,290.0
thorium-238,560.0,seconds,560.0
thulium-167,799.0,seconds,799000.0
thulium-168,8.04,seconds,8039999.999999999
thulium-170,11.11,seconds,11110000.0
thulium-171,61.0,seconds,61000000.0
tin-126,7.3,seconds,7300000000000.0
titanium-44,2.0,seconds,2000000000.0
titanium-51,346.0,seconds,346.0
tungsten-180,56.8,seconds,5.68e+25
uranium-215,2.24,seconds,0.0022400000000000002
uranium-216,4.3,seconds,0.0043
uranium-216m,1.31,seconds,0.0013100000000000002
uranium-217,26.0,seconds,0.026000000000000002
uranium-218,6.0,seconds,0.006
uranium-219,55.0,seconds,5.4999999999999995e-05
uranium-221,660.0,seconds,6.6e-07
uranium-222,1.4,seconds,1.4e-06
uranium-223,21.0,seconds,2.1e-05
uranium-224,940.0,seconds,0.00094
uranium-225,61.0,seconds,0.061
uranium-226,269.0,seconds,0.269
uranium-227,66.0,seconds,66.0
uranium-228,550.0,seconds,550.0
uranium-230,1.8,seconds,1800000.0
uranium-231,359.0,seconds,359000.0
uranium-232,2.17,seconds,2170000000.0
uranium-233,5.02,seconds,5020000000000.0
uranium-234,7.75,seconds,7750000000000.0
uranium-234m,33.5,seconds,0.0335
uranium-235,22.21,seconds,2.221e+16
uranium-236,739.0,seconds,739000000000000.0
uranium-236m1,100.0,seconds,1.0000000000000001e-07
uranium-236m2,120.0,seconds,1.2000000000000002e-07
uranium-237,583.0,seconds,583000.0
uranium-238,141.0,seconds,1.41e+17
uranium-238m,280.0,seconds,2.8e-07
uranium-239,1.407,seconds,1407.0
uranium-239m2,780.0,seconds,7.8e-07
uranium-240,51.0,seconds,51000.0
uranium-242,1.01,seconds,1010.0
vanadium-48,1.38011,seconds,1380110.0
vanadium-49,29.0,seconds,29000000.0
vanadium-50,8.55,seconds,8.550000000000001e+24
xenon-124,570.0,seconds,5.7e+29
xenon-136,68.3,seconds,6.83e+28
yttrium-85,9.6,seconds,9600.0
zinc-65,21.06,seconds,21060000.0
zirconium-93,48.0,seconds,48000000000000.0
